order_id,order_amount,payment_mode,quantity,order_date,customer_id
O00001,539.91,credit,4,2025-02-05,C0001
O00002,414.78,credit,3,2024-12-20,C0002
O00003,719.97,online,1,2024-12-16,C0003
O00004,615.03,credit,2,2025-02-01,C0004
O00005,342.18,online,1,2025-01-08,C0005
O00006,219.08,credit,1,2025-04-05,C0006
O00007,647.51,online,3,2025-01-26,C0007
O00008,438.83,online,2,2025-03-21,C0008
O00009,709.48,CASH,1,2025-01-19,C0009
O00010,,Online,3,2024-12-29,C0010
O00011,634.4,online,1,2025-01-31,C0011
O00012,402.66,online,3,2025-03-12,C0012
O00013,739.98,Online,2,2025-03-17,C0013
O00014,316.27,cash,5,2025-03-28,C0014
O00015,387.63,credit,4,2024-12-29,C0015
O00016,333.48,cash,1,2024-12-25,C0016
O00017,995.28,credit,2,2025-03-09,C0017
O00018,674.48,cash,3,2025-04-06,C0018
O00019,860.88,Online,2,2025-03-04,C0019
O00020,523.7,Online,5,2025-01-06,C0020
O00021,264.76,Online,1,2025-02-24,C0021
O00022,301,online,3,2025-04-01,C0022
O00023,627.01,cash,4,2025-04-05,C0023
O00024,670.96,CASH,1,2025-04-02,C0024
O00025,275.09,cash,4,2025-04-06,C0025
O00026,471.8,credit,2,2025-01-30,C0026
O00027,988.47,cash,2,2025-03-29,C0027
O00028,538.82,Online,3,2025-03-20,C0028
O00029,104.24,online,2,2024-12-26,C0029
O00030,242.59,cash,4,2025-01-08,C0030
O00031,463.05,cash,1,2025-03-17,C0031
O00032,757.59,cash,5,2025-01-15,C0032
O00033,709.07,Online,2,2024-12-29,C0033
O00034,409.91,credit,5,2025-03-24,C0034
O00035,250.32,cash,3,2024-12-11,C0035
O00036,568.26,CASH,2,2024-12-19,C0036
O00037,911.25,online,2,2025-01-19,C0037
O00038,926.38,cash,0,2025-03-01,C0038
O00039,986.39,credit,5,2025-02-27,C0039
O00040,210.85,Online,1,2025-02-25,C0040
O00041,676.29,CASH,5,2024-12-12,C0041
O00042,695.77,Online,1,2025-01-09,C0042
O00043,475.1,cash,3,2024-12-08,C0043
O00044,237.81,Online,1,2024-12-20,C0044
O00045,695.5,Online,5,2024-12-09,C0045
O00046,223.45,cash,5,2025-02-13,C0046
O00047,202.61,cash,5,2025-01-15,C0047
O00048,336.69,CASH,3,2025-01-08,C0048
O00049,365.82,cash,2,2025-03-22,C0049
O00050,532.6,credit,0,2025-02-11,C0050
O00051,916.19,CASH,2,2025-01-14,C0051
O00052,801.57,cash,1,2025-03-23,C0052
O00053,679.9,cash,3,2025-02-22,C0053
O00054,145.07,credit,3,2025-01-13,C0054
O00055,709.09,online,1,2024-12-26,C0055
O00056,901.26,cash,2,2024-12-08,C0056
O00057,905.07,CASH,1,2025-02-08,C0057
O00058,408.45,cash,4,2024-12-17,C0058
O00059,447.14,online,2,2025-02-09,C0059
O00060,726.55,cash,2,2025-01-11,C0060
O00061,920.1,online,4,2025-01-29,C0061
O00062,441.78,online,2,2025-01-24,C0062
O00063,539.31,online,1,2025-03-20,C0063
O00064,382.81,cash,5,2025-01-22,C0064
O00065,618.98,online,3,2025-03-24,C0065
O00066,719.42,online,2,2024-12-08,C0066
O00067,697.34,online,5,2025-02-14,C0067
O00068,651.62,cash,2,2025-03-25,C0068
O00069,522.36,online,1,2025-01-08,C0069
O00070,388.57,online,1,2025-02-27,C0070
O00071,595.45,online,2,2025-04-06,C0071
O00072,499.77,cash,4,2025-01-10,C0072
O00073,206.84,online,1,2025-03-27,C0073
O00074,471.1,online,1,2025-04-05,C0074
O00075,966.85,online,5,2024-12-20,C0075
O00076,689.14,cash,3,2024-12-19,C0076
O00077,834.93,online,5,2025-03-05,C0077
O00078,744.99,online,1,2025-02-23,C0078
O00079,693.02,online,3,2025-03-21,C0079
O00080,436.5,cash,2,2025-03-01,C0080
O00081,839.65,Online,1,2025-01-08,C0081
O00082,276.33,cash,4,2025-03-06,C0082
O00083,842.1,cash,1,2025-03-02,C0083
O00084,141.85,cash,5,2025-01-24,C0084
O00085,902.58,cash,5,2025-01-21,C0085
O00086,548.95,cash,5,2025-01-11,C0086
O00087,854.93,cash,2,2025-03-25,C0087
O00088,256.29,cash,5,2025-01-17,C0088
O00089,389.66,cash,5,2025-03-15,C0089
O00090,786.14,cash,3,2025-04-05,C0090
O00091,507.56,credit,5,2025-02-20,C0091
O00092,773.58,online,5,2025-01-16,C0092
O00093,740.69,CASH,2,2025-01-18,C0093
O00094,742.95,Online,2,2025-03-11,C0094
O00095,685.08,credit,3,2025-02-25,C0095
O00096,784.7,CASH,5,2024-12-24,C0096
O00097,739.11,Online,5,2025-03-16,C0097
O00098,862.57,cash,1,2025-02-11,C0098
O00099,147.76,cash,2,2024-12-30,C0099
O00100,715.05,credit,3,2025-03-23,C0100
O00101,587.05,credit,1,2025-02-24,C0101
O00102,707.97,online,5,2025-01-11,C0102
O00103,559.83,CASH,1,2025-02-23,C0103
O00104,448.8,Online,5,2025-03-06,C0104
O00105,769.3,credit,4,2024-12-28,C0105
O00106,920.34,CASH,3,2025-01-25,C0106
O00107,591.95,Online,2,2025-03-02,C0107
O00108,259.68,cash,2,2025-03-25,C0108
O00109,207.42,cash,5,2025-02-05,C0109
O00110,244.84,credit,0,2024-12-29,C0110
O00111,943.75,credit,3,2024-12-08,C0111
O00112,796.29,online,3,2024-12-22,C0112
O00113,615.41,CASH,3,2025-01-13,C0113
O00114,961.29,Online,5,2025-01-07,C0114
O00115,588.77,credit,2,2025-03-16,C0115
O00116,697,CASH,2,2025-01-07,C0116
O00117,656.45,Online,1,2025-01-16,C0117
O00118,411.41,cash,5,2025-01-20,C0118
O00119,319.44,cash,3,2025-04-05,C0119
O00120,816.59,credit,5,2025-01-06,C0120
O00121,122.24,credit,3,2024-12-27,C0121
O00122,557.86,online,2,2025-03-22,C0122
O00123,174.11,CASH,5,2025-03-16,C0123
O00124,664.24,Online,2,2025-01-20,C0124
O00125,481.79,credit,4,2025-02-13,C0125
O00126,945.78,CASH,1,2025-01-13,C0126
O00127,398.54,Online,2,2025-03-07,C0127
O00128,602.28,cash,3,2025-04-03,C0128
O00129,506.01,cash,1,2024-12-20,C0129
O00130,206.48,credit,5,2025-03-20,C0130
O00131,771.36,credit,1,2025-03-10,C0131
O00132,552.55,online,3,2025-02-09,C0132
O00133,353.37,CASH,1,2024-12-11,C0133
O00134,580.12,Online,5,2025-02-24,C0134
O00135,670.64,credit,3,2025-03-11,C0135
O00136,110.04,CASH,1,2025-03-13,C0136
O00137,,Online,5,2025-02-20,C0137
O00138,374.22,cash,3,2024-12-26,C0138
O00139,915.07,cash,2,2024-12-16,C0139
O00140,851.27,credit,5,2025-02-28,C0140
O00141,866.25,credit,5,2025-02-17,C0141
O00142,704.52,online,5,2025-03-31,C0142
O00143,397.77,CASH,2,2025-01-09,C0143
O00144,657.56,Online,4,2024-12-09,C0144
O00145,693.48,credit,5,2025-03-22,C0145
O00146,826.93,CASH,3,2025-03-19,C0146
O00147,299.37,Online,3,2024-12-27,C0147
O00148,220.88,cash,4,2025-01-28,C0148
O00149,422.87,cash,1,2025-01-25,C0149
O00150,645.96,credit,2,2024-12-22,C0150
O00151,276.79,credit,1,2025-01-01,C0151
O00152,902.89,online,5,2025-03-08,C0152
O00153,792.28,CASH,5,2025-04-04,C0153
O00154,904.59,Online,2,2025-03-04,C0154
O00155,300.98,credit,3,2025-02-25,C0155
O00156,551.01,CASH,5,2024-12-30,C0156
O00157,,Online,5,2025-03-07,C0157
O00158,781.49,cash,2,2025-03-15,C0158
O00159,609.23,cash,4,2024-12-29,C0159
O00160,136.38,credit,3,2025-02-14,C0160
O00161,138.53,credit,3,2025-04-02,C0161
O00162,926.11,online,3,2025-02-27,C0162
O00163,971.6,CASH,3,2025-03-30,C0163
O00164,613.14,Online,3,2025-03-21,C0164
O00165,908.4,credit,4,2025-01-24,C0165
O00166,300.61,CASH,3,2025-03-23,C0166
O00167,533.9,Online,0,2025-02-04,C0167
O00168,495.91,cash,3,2025-02-13,C0168
O00169,268.22,cash,1,2025-03-14,C0169
O00170,473.15,credit,4,2025-01-11,C0170
O00171,531.12,credit,4,2024-12-11,C0171
O00172,,online,5,2025-01-06,C0172
O00173,666.59,CASH,2,2025-02-21,C0173
O00174,332.43,Online,4,2025-02-19,C0174
O00175,607.24,credit,3,2025-02-17,C0175
O00176,294.93,CASH,4,2025-02-23,C0176
O00177,847.33,Online,5,2025-03-21,C0177
O00178,263.7,cash,2,2025-02-20,C0178
O00179,408.4,cash,1,2025-01-10,C0179
O00180,446.92,credit,0,2025-04-05,C0180
O00181,918.41,credit,2,2025-02-14,C0181
O00182,259.68,online,5,2025-03-29,C0182
O00183,205.76,CASH,5,2024-12-26,C0183
O00184,101.08,Online,5,2025-01-03,C0184
O00185,887.34,credit,2,2025-02-08,C0185
O00186,533.91,CASH,5,2025-03-05,C0186
O00187,220.49,Online,1,2025-01-16,C0187
O00188,889.09,cash,1,2025-02-05,C0188
O00189,810.48,cash,5,2025-04-06,C0189
O00190,,credit,3,2025-03-16,C0190
O00191,195.92,credit,3,2025-04-02,C0191
O00192,582.49,online,3,2025-03-27,C0192
O00193,457.71,CASH,5,2025-01-08,C0193
O00194,433.19,Online,3,2025-02-12,C0194
O00195,796.78,credit,1,2025-02-09,C0195
O00196,501.94,CASH,1,2025-01-20,C0196
O00197,460.5,Online,5,2025-04-03,C0197
O00198,736.11,cash,1,2025-01-29,C0198
O00199,840.93,cash,4,2025-03-02,C0199
O00200,336.78,credit,1,2024-12-09,C0200
O00201,937.62,credit,5,2025-03-04,C0201
O00202,967.18,online,2,2025-02-03,C0202
O00203,495.07,CASH,5,2025-01-03,C0203
O00204,130.25,Online,2,2025-03-30,C0204
O00205,706.62,credit,1,2025-04-05,C0205
O00206,178.16,CASH,3,2024-12-12,C0206
O00207,464.91,Online,1,2025-03-04,C0207
O00208,594.63,cash,5,2025-01-29,C0208
O00209,966.96,cash,2,2025-03-10,C0209
O00210,463.56,credit,4,2025-01-04,C0210
O00211,602.77,credit,1,2025-04-06,C0211
O00212,961.04,online,5,2025-02-26,C0212
O00213,498.49,CASH,2,2025-02-28,C0213
O00214,965.11,Online,5,2025-04-01,C0214
O00215,533.77,credit,2,2025-02-05,C0215
O00216,306.94,CASH,3,2024-12-20,C0216
O00217,108.75,Online,1,2025-03-03,C0217
O00218,773.91,cash,2,2025-03-29,C0218
O00219,418.18,cash,2,2025-02-22,C0219
O00220,279.7,credit,3,2025-03-12,C0220
O00221,282.49,credit,3,2024-12-12,C0221
O00222,196.02,online,4,2025-03-27,C0222
O00223,787.82,CASH,4,2024-12-08,C0223
O00224,383.88,Online,4,2025-03-25,C0224
O00225,787.84,credit,2,2025-04-02,C0225
O00226,215.42,CASH,4,2025-03-06,C0226
O00227,129.31,Online,2,2025-02-05,C0227
O00228,208.33,cash,1,2025-03-14,C0228
O00229,,cash,1,2025-01-26,C0229
O00230,651.5,credit,3,2025-03-26,C0230
O00231,524.21,credit,2,2025-02-14,C0231
O00232,289.48,online,3,2025-04-06,C0232
O00233,351.67,CASH,5,2025-03-28,C0233
O00234,832.77,Online,2,2025-02-01,C0234
O00235,870.68,credit,2,2025-02-24,C0235
O00236,108.77,CASH,5,2025-01-30,C0236
O00237,384.15,Online,5,2024-12-22,C0237
O00238,142.94,cash,1,2025-03-16,C0238
O00239,328.86,cash,3,2025-01-14,C0239
O00240,424.28,credit,3,2025-04-05,C0240
O00241,470.58,credit,5,2025-03-15,C0241
O00242,618.31,online,3,2025-02-04,C0242
O00243,705.87,CASH,4,2024-12-29,C0243
O00244,442.96,Online,2,2025-02-25,C0244
O00245,676.52,credit,5,2025-03-07,C0245
O00246,864.01,CASH,3,2025-01-24,C0246
O00247,385.19,Online,5,2025-02-02,C0247
O00248,344.12,cash,3,2025-03-06,C0248
O00249,568.84,cash,2,2025-03-18,C0249
O00250,212.54,credit,1,2025-02-12,C0250
O00251,457.34,credit,4,2025-01-17,C0251
O00252,123.73,online,1,2025-02-23,C0252
O00253,656.29,CASH,4,2025-03-30,C0253
O00254,322.66,Online,2,2025-03-22,C0254
O00255,854.67,credit,3,2025-03-21,C0255
O00256,392.68,CASH,5,2024-12-28,C0256
O00257,593.69,Online,5,2025-02-19,C0257
O00258,637.83,cash,5,2025-02-02,C0258
O00259,675.81,cash,3,2025-03-31,C0259
O00260,304.42,credit,3,2025-03-21,C0260
O00261,240.15,credit,0,2024-12-13,C0261
O00262,863.15,online,5,2025-01-28,C0262
O00263,,CASH,4,2025-02-02,C0263
O00264,789.28,Online,1,2025-02-07,C0264
O00265,269.71,credit,2,2024-12-09,C0265
O00266,763.41,CASH,2,2025-04-04,C0266
O00267,480.02,Online,5,2025-01-09,C0267
O00268,716.18,cash,5,2025-03-17,C0268
O00269,471.61,cash,3,2025-02-22,C0269
O00270,509.81,credit,5,2024-12-09,C0270
O00271,388.58,credit,5,2025-02-09,C0271
O00272,,online,2,2025-01-10,C0272
O00273,754.4,CASH,1,2024-12-30,C0273
O00274,407.72,Online,4,2024-12-14,C0274
O00275,517.32,credit,2,2025-01-08,C0275
O00276,798.09,CASH,2,2025-02-23,C0276
O00277,857.39,Online,1,2025-01-04,C0277
O00278,743.21,cash,4,2025-03-07,C0278
O00279,995.08,cash,1,2024-12-15,C0279
O00280,983.9,credit,3,2025-02-23,C0280
O00281,242.75,credit,5,2025-02-23,C0281
O00282,327.98,online,3,2025-02-02,C0282
O00283,877.29,CASH,2,2025-03-25,C0283
O00284,392.06,Online,5,2025-04-03,C0284
O00285,810.23,credit,5,2024-12-19,C0285
O00286,527.74,CASH,1,2024-12-11,C0286
O00287,549.93,Online,1,2025-03-23,C0287
O00288,680.12,cash,1,2025-01-11,C0288
O00289,309.41,cash,3,2025-01-29,C0289
O00290,494.85,credit,4,2025-03-21,C0290
O00291,221.26,credit,4,2025-01-26,C0291
O00292,588.46,online,2,2025-02-15,C0292
O00293,391.31,CASH,5,2025-03-18,C0293
O00294,599.07,Online,4,2024-12-28,C0294
O00295,337.01,credit,5,2025-01-19,C0295
O00296,266.98,CASH,3,2024-12-08,C0296
O00297,314.91,Online,5,2025-03-26,C0297
O00298,270.88,cash,5,2025-03-22,C0298
O00299,354.82,cash,1,2025-03-29,C0299
O00300,693,credit,2,2025-03-25,C0300
O00301,128.15,credit,1,2025-01-13,C0301
O00302,,online,4,2024-12-15,C0302
O00303,731.18,CASH,2,2025-02-10,C0303
O00304,163.79,Online,1,2025-03-11,C0304
O00305,675.03,credit,4,2025-02-05,C0305
O00306,814.82,CASH,3,2025-03-23,C0306
O00307,760.87,Online,2,2025-03-25,C0307
O00308,187.41,cash,4,2025-01-23,C0308
O00309,573.57,cash,2,2025-04-02,C0309
O00310,602.33,credit,5,2025-03-09,C0310
O00311,512.85,credit,1,2025-01-27,C0311
O00312,262.36,online,2,2024-12-28,C0312
O00313,639.92,CASH,5,2025-03-25,C0313
O00314,392.19,Online,4,2025-02-13,C0314
O00315,391.11,credit,2,2025-02-26,C0315
O00316,595.21,CASH,4,2025-01-22,C0316
O00317,457.38,Online,3,2024-12-10,C0317
O00318,565.85,cash,0,2025-01-06,C0318
O00319,293.34,cash,3,2025-03-04,C0319
O00320,560.14,credit,2,2025-02-17,C0320
O00321,514.33,credit,3,2024-12-10,C0321
O00322,324.87,online,1,2024-12-17,C0322
O00323,612.16,CASH,3,2024-12-08,C0323
O00324,255.61,Online,1,2025-01-18,C0324
O00325,370.35,credit,4,2024-12-16,C0325
O00326,150.33,CASH,4,2025-02-12,C0326
O00327,881.05,Online,5,2025-02-21,C0327
O00328,670.5,cash,3,2025-02-24,C0328
O00329,387.38,cash,5,2024-12-27,C0329
O00330,237.88,credit,4,2025-04-01,C0330
O00331,777.56,credit,2,2025-04-02,C0331
O00332,807.73,online,1,2025-02-15,C0332
O00333,770.78,CASH,1,2025-01-16,C0333
O00334,491.04,Online,2,2024-12-11,C0334
O00335,278.3,credit,2,2025-02-15,C0335
O00336,997.37,CASH,1,2025-02-21,C0336
O00337,487.06,Online,1,2025-02-02,C0337
O00338,472.22,cash,3,2024-12-26,C0338
O00339,689.87,cash,3,2025-03-26,C0339
O00340,991.14,credit,4,2025-01-27,C0340
O00341,,credit,3,2025-03-27,C0341
O00342,755.64,online,1,2025-01-14,C0342
O00343,658.9,CASH,3,2025-03-03,C0343
O00344,,Online,3,2025-03-23,C0344
O00345,120.47,credit,2,2025-02-03,C0345
O00346,570.94,CASH,5,2025-03-01,C0346
O00347,227.21,Online,4,2025-03-05,C0347
O00348,697.18,cash,1,2025-03-28,C0348
O00349,810.27,cash,4,2024-12-18,C0349
O00350,107.5,credit,3,2025-03-15,C0350
O00351,117.17,credit,4,2025-03-11,C0351
O00352,738.72,online,5,2024-12-11,C0352
O00353,267.78,CASH,5,2024-12-30,C0353
O00354,119.34,Online,3,2025-03-21,C0354
O00355,454.06,credit,0,2025-03-09,C0355
O00356,419.84,CASH,5,2025-01-08,C0356
O00357,155.81,Online,1,2025-02-26,C0357
O00358,954.2,cash,4,2024-12-14,C0358
O00359,179.02,cash,5,2024-12-14,C0359
O00360,717.87,credit,2,2024-12-29,C0360
O00361,381.14,credit,5,2025-01-16,C0361
O00362,687.23,online,2,2025-03-01,C0362
O00363,378.1,CASH,2,2025-02-18,C0363
O00364,918.1,Online,5,2024-12-31,C0364
O00365,385.75,credit,1,2024-12-17,C0365
O00366,855.57,CASH,3,2025-01-21,C0366
O00367,472.64,Online,3,2025-01-29,C0367
O00368,269.14,cash,5,2025-02-03,C0368
O00369,645.04,cash,2,2025-02-04,C0369
O00370,123.48,credit,4,2025-01-25,C0370
O00371,861.52,credit,3,2025-01-02,C0371
O00372,448.71,online,2,2025-04-03,C0372
O00373,467.73,CASH,4,2025-04-02,C0373
O00374,704.21,Online,1,2024-12-16,C0374
O00375,959.23,credit,4,2025-02-22,C0375
O00376,880.1,CASH,1,2025-03-11,C0376
O00377,841.9,Online,5,2025-01-30,C0377
O00378,614.74,cash,1,2025-02-12,C0378
O00379,506.45,cash,2,2025-02-27,C0379
O00380,456.05,credit,4,2025-03-26,C0380
O00381,667.58,credit,4,2025-02-23,C0381
O00382,374.1,online,4,2025-02-18,C0382
O00383,927.13,CASH,2,2025-01-09,C0383
O00384,681.49,Online,1,2025-02-04,C0384
O00385,626.9,credit,4,2024-12-15,C0385
O00386,505.8,CASH,2,2025-02-19,C0386
O00387,181.16,Online,2,2025-01-04,C0387
O00388,211.19,cash,3,2025-01-01,C0388
O00389,736.55,cash,5,2024-12-30,C0389
O00390,243.91,credit,2,2025-02-08,C0390
O00391,608.94,credit,2,2025-02-12,C0391
O00392,260.98,online,3,2025-04-05,C0392
O00393,791.77,CASH,2,2025-04-02,C0393
O00394,218.41,Online,0,2025-03-02,C0394
O00395,110.99,credit,5,2025-03-10,C0395
O00396,647.19,CASH,5,2025-01-03,C0396
O00397,508.36,Online,5,2025-02-07,C0397
O00398,,cash,5,2025-02-28,C0398
O00399,286.87,cash,3,2025-01-11,C0399
O00400,,credit,5,2025-01-12,C0400
O00401,928.35,credit,2,2025-01-12,C0401
O00402,355.94,online,5,2025-01-01,C0402
O00403,605.96,CASH,3,2025-04-05,C0403
O00404,183.81,Online,4,2024-12-09,C0404
O00405,782.6,credit,4,2025-02-10,C0405
O00406,725.16,CASH,4,2025-01-22,C0406
O00407,726.25,Online,5,2025-01-18,C0407
O00408,666.08,cash,5,2025-02-03,C0408
O00409,987.65,cash,3,2025-03-03,C0409
O00410,617.63,credit,2,2024-12-13,C0410
O00411,546.76,credit,4,2025-01-27,C0411
O00412,895.3,online,2,2025-03-14,C0412
O00413,,CASH,1,2025-02-05,C0413
O00414,286.6,Online,4,2025-03-11,C0414
O00415,,credit,2,2025-02-21,C0415
O00416,,CASH,3,2025-02-04,C0416
O00417,377,Online,1,2025-03-23,C0417
O00418,399.95,cash,5,2025-02-02,C0418
O00419,848.84,cash,3,2025-02-09,C0419
O00420,531.2,credit,2,2025-02-18,C0420
O00421,664.48,credit,4,2025-04-02,C0421
O00422,472.56,online,5,2025-01-20,C0422
O00423,752.47,CASH,1,2025-04-03,C0423
O00424,716.94,Online,2,2025-03-02,C0424
O00425,128.06,credit,2,2025-02-09,C0425
O00426,450.61,CASH,3,2025-01-10,C0426
O00427,383.05,Online,1,2024-12-26,C0427
O00428,313.88,cash,3,2025-01-22,C0428
O00429,372.09,cash,1,2025-03-21,C0429
O00430,922.02,credit,4,2025-01-20,C0430
O00431,238.67,credit,5,2025-02-06,C0431
O00432,394.6,online,5,2024-12-09,C0432
O00433,219.45,CASH,4,2025-03-12,C0433
O00434,570.11,Online,1,2024-12-23,C0434
O00435,634.86,credit,1,2025-01-03,C0435
O00436,789.56,CASH,5,2025-02-01,C0436
O00437,674.97,Online,2,2025-02-10,C0437
O00438,579.05,cash,3,2025-02-13,C0438
O00439,346.27,cash,5,2025-01-19,C0439
O00440,285.92,credit,3,2024-12-27,C0440
O00441,733.92,credit,2,2025-01-09,C0441
O00442,651.94,online,1,2025-04-02,C0442
O00443,523.66,CASH,4,2024-12-18,C0443
O00444,483.82,Online,5,2024-12-08,C0444
O00445,721.11,credit,3,2025-01-25,C0445
O00446,278.33,CASH,1,2025-02-22,C0446
O00447,780.17,Online,1,2025-01-01,C0447
O00448,927.72,cash,3,2025-01-12,C0448
O00449,739.19,cash,2,2024-12-25,C0449
O00450,906.13,credit,4,2024-12-21,C0450
O00451,925.54,credit,3,2025-03-09,C0451
O00452,127.24,online,4,2025-01-22,C0452
O00453,253.72,CASH,2,2025-01-04,C0453
O00454,465.12,Online,3,2025-03-07,C0454
O00455,163.83,credit,4,2025-03-14,C0455
O00456,314.72,CASH,4,2025-01-07,C0456
O00457,406.64,Online,4,2025-02-28,C0457
O00458,407.98,cash,1,2025-01-29,C0458
O00459,740.72,cash,5,2025-03-22,C0459
O00460,599.58,credit,4,2025-03-23,C0460
O00461,197.87,credit,4,2025-01-24,C0461
O00462,680.49,online,2,2025-04-06,C0462
O00463,912.93,CASH,2,2025-02-13,C0463
O00464,507.68,Online,5,2025-03-25,C0464
O00465,285.1,credit,3,2025-02-08,C0465
O00466,943.01,CASH,3,2025-02-08,C0466
O00467,624.45,Online,4,2025-03-25,C0467
O00468,867.25,cash,5,2025-02-09,C0468
O00469,100.76,cash,3,2025-01-10,C0469
O00470,353.99,credit,5,2025-01-12,C0470
O00471,386.31,credit,4,2025-03-31,C0471
O00472,696.24,online,5,2025-02-05,C0472
O00473,932.03,CASH,2,2025-01-10,C0473
O00474,164.57,Online,4,2025-02-13,C0474
O00475,977.48,credit,4,2025-01-04,C0475
O00476,904.22,CASH,4,2025-02-06,C0476
O00477,508.95,Online,4,2024-12-27,C0477
O00478,303.17,cash,5,2025-02-24,C0478
O00479,757.82,cash,4,2024-12-30,C0479
O00480,618.72,credit,5,2025-03-15,C0480
O00481,431.72,credit,1,2025-02-09,C0481
O00482,758.16,online,1,2025-03-13,C0482
O00483,649.06,CASH,1,2025-02-17,C0483
O00484,585.28,Online,1,2025-04-06,C0484
O00485,581.53,credit,5,2024-12-24,C0485
O00486,616.57,CASH,3,2025-03-05,C0486
O00487,131.79,Online,5,2024-12-20,C0487
O00488,666.37,cash,1,2024-12-18,C0488
O00489,362.58,cash,3,2025-02-11,C0489
O00490,214.14,credit,3,2024-12-18,C0490
O00491,654.22,credit,1,2025-03-20,C0491
O00492,643.44,online,4,2024-12-17,C0492
O00493,257.86,CASH,2,2025-02-16,C0493
O00494,875.81,Online,2,2025-02-05,C0494
O00495,839.55,credit,4,2025-04-03,C0495
O00496,314.15,CASH,2,2024-12-26,C0496
O00497,760.92,Online,3,2025-01-27,C0497
O00498,204.39,cash,4,2025-03-05,C0498
O00499,771.54,cash,4,2025-03-06,C0499
O00500,230.63,credit,0,2025-02-05,C0500
O00501,503.94,credit,5,2025-01-29,C0501
O00502,136.92,online,4,2025-03-09,C0502
O00503,686.86,CASH,3,2025-01-21,C0503
O00504,329.81,Online,2,2025-02-17,C0504
O00505,629.85,credit,2,2025-01-18,C0505
O00506,109.52,CASH,1,2025-02-15,C0506
O00507,572.74,Online,2,2025-01-04,C0507
O00508,326.71,cash,1,2025-02-03,C0508
O00509,634.72,cash,1,2025-03-03,C0509
O00510,207.98,credit,5,2025-03-20,C0510
O00511,266.29,credit,3,2025-02-03,C0511
O00512,694.43,online,3,2024-12-29,C0512
O00513,723,CASH,3,2025-03-07,C0513
O00514,802.66,Online,4,2024-12-31,C0514
O00515,996.36,credit,3,2025-02-15,C0515
O00516,162.46,CASH,2,2025-03-30,C0516
O00517,197.59,Online,2,2025-02-04,C0517
O00518,195.62,cash,1,2025-03-28,C0518
O00519,,cash,3,2025-03-07,C0519
O00520,116.89,credit,1,2025-01-15,C0520
O00521,698.15,credit,3,2025-01-27,C0521
O00522,617.18,online,4,2025-02-02,C0522
O00523,463.52,CASH,1,2025-04-04,C0523
O00524,102.98,Online,4,2025-01-16,C0524
O00525,581.77,credit,3,2024-12-15,C0525
O00526,669.05,CASH,5,2025-02-10,C0526
O00527,406.06,Online,3,2025-01-21,C0527
O00528,258.96,cash,2,2025-03-12,C0528
O00529,451.09,cash,3,2025-03-17,C0529
O00530,896.69,credit,2,2025-03-21,C0530
O00531,,credit,5,2024-12-13,C0531
O00532,449.89,online,4,2025-01-20,C0532
O00533,850.83,CASH,1,2025-01-14,C0533
O00534,,Online,1,2025-01-01,C0534
O00535,290.51,credit,4,2025-03-20,C0535
O00536,883.18,CASH,5,2025-01-19,C0536
O00537,164.83,Online,1,2025-02-27,C0537
O00538,926.22,cash,2,2024-12-24,C0538
O00539,,cash,3,2024-12-21,C0539
O00540,187.56,credit,5,2025-01-16,C0540
O00541,835.72,credit,5,2025-01-23,C0541
O00542,824.01,online,4,2025-03-19,C0542
O00543,978.27,CASH,3,2025-04-03,C0543
O00544,813.79,Online,3,2025-01-12,C0544
O00545,346.5,credit,3,2025-02-28,C0545
O00546,494.8,CASH,1,2024-12-15,C0546
O00547,668.98,Online,1,2025-03-17,C0547
O00548,172.65,cash,1,2025-03-10,C0548
O00549,634.36,cash,4,2025-03-16,C0549
O00550,285.54,credit,4,2025-03-21,C0550
O00551,944.28,credit,5,2025-01-10,C0551
O00552,549.9,online,3,2025-03-26,C0552
O00553,104.11,CASH,5,2024-12-21,C0553
O00554,657.03,Online,4,2025-02-14,C0554
O00555,693.39,credit,1,2025-01-10,C0555
O00556,716.72,CASH,2,2025-03-11,C0556
O00557,138.8,Online,2,2025-03-23,C0557
O00558,400.87,cash,1,2025-03-10,C0558
O00559,258.3,cash,1,2025-01-15,C0559
O00560,311.77,credit,3,2024-12-09,C0560
O00561,772.38,credit,1,2025-02-01,C0561
O00562,188.26,online,2,2025-03-25,C0562
O00563,298.6,CASH,1,2025-03-02,C0563
O00564,230.45,Online,4,2025-01-12,C0564
O00565,511.97,credit,3,2025-02-07,C0565
O00566,214.49,CASH,3,2024-12-20,C0566
O00567,866.49,Online,3,2025-02-06,C0567
O00568,365.65,cash,5,2025-01-12,C0568
O00569,620.31,cash,1,2024-12-31,C0569
O00570,569.59,credit,4,2025-03-04,C0570
O00571,757.02,credit,2,2025-02-05,C0571
O00572,621.52,online,5,2025-02-25,C0572
O00573,475.99,CASH,4,2025-02-09,C0573
O00574,553.79,Online,4,2025-01-18,C0574
O00575,726.99,credit,2,2025-02-09,C0575
O00576,777.77,CASH,2,2025-01-20,C0576
O00577,366.21,Online,1,2025-03-11,C0577
O00578,374.35,cash,5,2025-03-17,C0578
O00579,121.97,cash,2,2024-12-17,C0579
O00580,464.82,credit,1,2024-12-27,C0580
O00581,163.63,credit,1,2025-03-17,C0581
O00582,777.6,online,5,2025-03-27,C0582
O00583,286.43,CASH,3,2024-12-28,C0583
O00584,149.33,Online,1,2025-02-15,C0584
O00585,429.03,credit,3,2025-02-28,C0585
O00586,602.91,CASH,2,2025-03-10,C0586
O00587,401.44,Online,4,2025-01-13,C0587
O00588,777.05,cash,2,2025-02-02,C0588
O00589,908.14,cash,3,2025-01-31,C0589
O00590,435.53,credit,5,2025-02-20,C0590
O00591,523.15,credit,5,2025-03-14,C0591
O00592,506.78,online,1,2024-12-25,C0592
O00593,895.58,CASH,2,2025-03-11,C0593
O00594,960.96,Online,1,2025-03-03,C0594
O00595,546.7,credit,1,2025-02-19,C0595
O00596,972.62,CASH,4,2025-01-08,C0596
O00597,499.47,Online,2,2025-04-02,C0597
O00598,884.61,cash,5,2025-02-23,C0598
O00599,470.52,cash,3,2025-04-01,C0599
O00600,699.27,credit,4,2024-12-20,C0600
O00601,610.53,credit,3,2025-02-06,C0601
O00602,434.71,online,1,2025-01-20,C0602
O00603,355.94,CASH,2,2025-01-17,C0603
O00604,356.72,Online,2,2025-02-22,C0604
O00605,205.23,credit,4,2025-01-03,C0605
O00606,266.05,CASH,3,2025-04-01,C0606
O00607,233.15,Online,2,2025-04-04,C0607
O00608,209.34,cash,4,2025-03-29,C0608
O00609,953.01,cash,5,2025-01-26,C0609
O00610,398.15,credit,3,2025-02-19,C0610
O00611,778.75,credit,5,2025-03-01,C0611
O00612,930.06,online,4,2025-01-27,C0612
O00613,225.48,CASH,1,2025-02-12,C0613
O00614,856.79,CASH,3,2024-12-18,C0614
O00615,677.18,Online,3,2025-04-05,C0615
O00616,175.23,cash,1,2025-04-01,C0616
O00617,454.98,cash,5,2025-03-29,C0617
O00618,150.44,credit,2,2025-03-31,C0618
O00619,484.88,credit,3,2024-12-13,C0619
O00620,377.28,online,1,2024-12-15,C0620
O00621,899.02,CASH,4,2024-12-29,C0621
O00622,825.11,CASH,4,2024-12-17,C0622
O00623,628.46,Online,3,2025-03-21,C0623
O00624,880.77,cash,5,2025-04-02,C0624
O00625,179.6,cash,3,2025-03-25,C0625
O00626,600.23,credit,2,2025-02-12,C0626
O00627,849.06,credit,1,2025-03-11,C0627
O00628,371.79,online,5,2025-01-21,C0628
O00629,302.07,CASH,3,2025-03-30,C0629
O00630,850.82,CASH,3,2024-12-11,C0630
O00631,542.7,Online,1,2025-03-21,C0631
O00632,349.5,cash,3,2025-01-22,C0632
O00633,609.02,cash,4,2025-02-12,C0633
O00634,836.45,credit,5,2025-01-08,C0634
O00635,,credit,1,2024-12-26,C0635
O00636,514.94,online,2,2024-12-24,C0636
O00637,425.05,CASH,3,2025-03-22,C0637
O00638,,CASH,1,2025-04-02,C0638
O00639,789.8,Online,5,2025-02-25,C0639
O00640,589.34,cash,3,2025-03-19,C0640
O00641,728.17,cash,5,2025-02-02,C0641
O00642,229.35,credit,3,2025-02-01,C0642
O00643,470.8,credit,2,2025-01-10,C0643
O00644,848.42,online,5,2025-02-03,C0644
O00645,741.29,CASH,1,2025-02-21,C0645
O00646,924.43,CASH,1,2025-01-30,C0646
O00647,380.42,Online,4,2025-03-17,C0647
O00648,637.88,cash,3,2025-03-18,C0648
O00649,,cash,2,2025-02-03,C0649
O00650,376.69,credit,1,2025-04-06,C0650
O00651,786.72,credit,4,2025-03-06,C0651
O00652,138.27,online,5,2025-03-31,C0652
O00653,522.17,CASH,3,2025-02-17,C0653
O00654,779.1,CASH,2,2025-03-03,C0654
O00655,280.02,Online,1,2025-01-10,C0655
O00656,771.58,cash,3,2025-03-26,C0656
O00657,869.62,cash,5,2025-02-18,C0657
O00658,189.2,credit,5,2025-03-13,C0658
O00659,272.39,credit,5,2025-02-09,C0659
O00660,,online,2,2025-03-28,C0660
O00661,866.17,CASH,5,2025-02-13,C0661
O00662,706.17,CASH,3,2025-03-18,C0662
O00663,481.68,Online,1,2025-01-01,C0663
O00664,382.85,cash,2,2025-03-18,C0664
O00665,425.13,cash,1,2024-12-29,C0665
O00666,544.34,credit,5,2025-04-02,C0666
O00667,718.34,credit,4,2024-12-17,C0667
O00668,869.83,online,4,2025-01-11,C0668
O00669,430.7,CASH,4,2025-01-04,C0669
O00670,456.73,CASH,1,2024-12-21,C0670
O00671,455.33,Online,1,2025-03-03,C0671
O00672,903.18,cash,2,2025-03-31,C0672
O00673,635.46,cash,4,2025-03-07,C0673
O00674,350.67,credit,5,2025-03-22,C0674
O00675,810.54,credit,3,2025-04-05,C0675
O00676,642.85,online,5,2024-12-22,C0676
O00677,791.2,CASH,4,2025-01-03,C0677
O00678,665.53,CASH,1,2025-02-04,C0678
O00679,548.32,Online,4,2025-03-20,C0679
O00680,394.26,cash,1,2025-03-22,C0680
O00681,694.97,cash,4,2025-01-13,C0681
O00682,695.88,credit,5,2025-04-05,C0682
O00683,873.71,credit,0,2025-03-05,C0683
O00684,991.64,online,3,2024-12-23,C0684
O00685,498.3,CASH,5,2025-03-07,C0685
O00686,801.44,CASH,4,2024-12-10,C0686
O00687,744.15,Online,5,2025-02-09,C0687
O00688,694.07,cash,4,2025-03-30,C0688
O00689,868.92,cash,3,2025-03-20,C0689
O00690,973.78,credit,3,2025-02-04,C0690
O00691,125.33,credit,3,2025-01-28,C0691
O00692,767.85,online,3,2025-02-09,C0692
O00693,485.33,CASH,1,2024-12-27,C0693
O00694,322.85,CASH,1,2025-01-28,C0694
O00695,158.95,Online,2,2025-01-17,C0695
O00696,,cash,4,2025-02-28,C0696
O00697,911.27,cash,4,2025-03-14,C0697
O00698,987.19,credit,3,2025-01-08,C0698
O00699,827.49,credit,2,2025-03-19,C0699
O00700,552.49,online,5,2025-02-21,C0700
O00701,972.48,CASH,1,2025-03-19,C0701
O00702,582.25,CASH,3,2024-12-28,C0702
O00703,461.82,Online,1,2024-12-24,C0703
O00704,620.37,cash,1,2025-01-12,C0704
O00705,577.96,cash,1,2025-01-19,C0705
O00706,371.66,credit,5,2024-12-13,C0706
O00707,472.88,credit,4,2025-01-17,C0707
O00708,592.81,online,5,2025-03-20,C0708
O00709,619.16,CASH,4,2025-03-15,C0709
O00710,674.13,CASH,4,2025-02-12,C0710
O00711,753.95,Online,3,2025-03-02,C0711
O00712,316.34,cash,3,2025-03-22,C0712
O00713,469.23,cash,4,2024-12-30,C0713
O00714,358.34,credit,5,2024-12-23,C0714
O00715,314.64,credit,2,2025-03-30,C0715
O00716,379.49,online,4,2025-01-24,C0716
O00717,915.09,CASH,2,2025-04-05,C0717
O00718,,CASH,2,2025-03-13,C0718
O00719,138.01,Online,1,2025-03-22,C0719
O00720,906.85,cash,1,2024-12-23,C0720
O00721,466.31,cash,1,2025-01-30,C0721
O00722,855.83,credit,5,2025-02-11,C0722
O00723,939.64,credit,5,2025-03-29,C0723
O00724,938.4,online,1,2024-12-10,C0724
O00725,210.05,CASH,5,2024-12-12,C0725
O00726,825.26,CASH,4,2025-04-06,C0726
O00727,196.13,Online,4,2025-03-29,C0727
O00728,876.61,cash,3,2025-01-09,C0728
O00729,201.67,cash,2,2024-12-28,C0729
O00730,891.49,credit,3,2025-03-04,C0730
O00731,118.97,credit,1,2025-03-08,C0731
O00732,809.92,online,4,2025-03-30,C0732
O00733,962.64,CASH,1,2024-12-17,C0733
O00734,312.74,CASH,4,2025-02-17,C0734
O00735,926.13,Online,2,2025-02-07,C0735
O00736,873.48,cash,3,2025-01-05,C0736
O00737,790.07,cash,3,2025-03-26,C0737
O00738,840.88,credit,4,2025-02-28,C0738
O00739,399.45,credit,1,2025-02-28,C0739
O00740,728.63,online,4,2025-03-31,C0740
O00741,832.09,CASH,1,2025-01-17,C0741
O00742,677.24,CASH,2,2025-01-19,C0742
O00743,,Online,3,2025-02-18,C0743
O00744,199.75,cash,2,2024-12-25,C0744
O00745,717.18,cash,2,2025-02-06,C0745
O00746,718.72,credit,2,2025-03-15,C0746
O00747,430.84,credit,5,2025-03-22,C0747
O00748,953.3,online,2,2024-12-12,C0748
O00749,976.71,CASH,2,2025-03-08,C0749
O00750,,CASH,3,2024-12-10,C0750
O00751,962.23,Online,1,2025-02-07,C0751
O00752,,cash,4,2025-01-14,C0752
O00753,544.73,cash,2,2025-01-01,C0753
O00754,832.07,credit,4,2025-02-22,C0754
O00755,488.18,credit,3,2024-12-11,C0755
O00756,270.43,online,2,2024-12-31,C0756
O00757,,CASH,4,2024-12-31,C0757
O00758,432.67,CASH,1,2025-03-29,C0758
O00759,,Online,4,2025-01-23,C0759
O00760,742,cash,5,2025-03-31,C0760
O00761,185.75,cash,2,2024-12-23,C0761
O00762,418.87,credit,5,2024-12-10,C0762
O00763,828.87,credit,5,2025-01-25,C0763
O00764,979.77,online,5,2025-03-21,C0764
O00765,,CASH,5,2025-01-01,C0765
O00766,405.26,CASH,3,2025-03-29,C0766
O00767,489.64,Online,1,2025-03-10,C0767
O00768,549.29,cash,4,2025-02-05,C0768
O00769,889.24,cash,3,2025-01-03,C0769
O00770,492.2,credit,4,2025-02-07,C0770
O00771,236.14,credit,4,2025-02-13,C0771
O00772,233.76,online,4,2024-12-31,C0772
O00773,735.37,CASH,4,2025-01-24,C0773
O00774,,CASH,5,2025-02-28,C0774
O00775,543.69,Online,1,2024-12-16,C0775
O00776,283.36,cash,2,2025-03-29,C0776
O00777,840.31,cash,5,2024-12-19,C0777
O00778,998.2,credit,5,2025-03-21,C0778
O00779,928.37,credit,1,2025-02-09,C0779
O00780,123.37,online,1,2025-03-21,C0780
O00781,631.3,CASH,2,2024-12-27,C0781
O00782,,CASH,4,2025-03-15,C0782
O00783,959.68,Online,3,2024-12-31,C0783
O00784,690.56,cash,5,2024-12-16,C0784
O00785,876.95,cash,1,2025-02-01,C0785
O00786,592.44,credit,4,2025-02-09,C0786
O00787,316.07,credit,2,2024-12-19,C0787
O00788,801.54,online,2,2025-01-03,C0788
O00789,541.76,CASH,3,2025-02-04,C0789
O00790,643.16,CASH,3,2025-01-18,C0790
O00791,540.66,Online,5,2025-03-07,C0791
O00792,181.2,cash,5,2025-01-17,C0792
O00793,667.62,cash,3,2025-02-23,C0793
O00794,708.8,credit,2,2024-12-21,C0794
O00795,574.55,credit,3,2025-02-12,C0795
O00796,171.26,online,2,2025-03-21,C0796
O00797,370.37,CASH,3,2025-03-14,C0797
O00798,595.89,CASH,5,2025-01-16,C0798
O00799,185.04,Online,3,2025-02-19,C0799
O00800,627.01,cash,0,2025-02-24,C0800
O00801,516.59,cash,1,2025-01-04,C0801
O00802,889.08,credit,4,2025-03-03,C0802
O00803,504.95,credit,2,2024-12-23,C0803
O00804,170.4,online,1,2025-01-19,C0804
O00805,116.12,CASH,2,2025-02-13,C0805
O00806,514.15,CASH,5,2025-03-16,C0806
O00807,372.52,Online,4,2025-04-03,C0807
O00808,178.87,cash,0,2025-02-23,C0808
O00809,114.3,cash,2,2025-03-28,C0809
O00810,230.64,credit,5,2025-01-24,C0810
O00811,370.83,credit,4,2025-01-17,C0811
O00812,,online,4,2025-02-14,C0812
O00813,524.34,CASH,2,2025-01-23,C0813
O00814,846.51,CASH,1,2024-12-19,C0814
O00815,862.87,Online,4,2024-12-09,C0815
O00816,636.26,cash,1,2025-02-10,C0816
O00817,537.49,cash,4,2025-03-23,C0817
O00818,154.63,credit,3,2025-02-08,C0818
O00819,341.06,credit,4,2025-03-01,C0819
O00820,660.43,online,4,2024-12-25,C0820
O00821,,CASH,4,2025-02-17,C0821
O00822,308.89,CASH,3,2025-02-02,C0822
O00823,868.11,Online,2,2025-03-05,C0823
O00824,750.7,cash,3,2025-01-24,C0824
O00825,819.78,cash,3,2024-12-24,C0825
O00826,177.57,credit,2,2025-02-10,C0826
O00827,542.97,credit,4,2025-02-20,C0827
O00828,288.49,online,3,2025-02-18,C0828
O00829,421.34,CASH,5,2025-01-23,C0829
O00830,,CASH,1,2025-03-31,C0830
O00831,208.62,Online,3,2025-03-12,C0831
O00832,792.44,cash,2,2025-03-28,C0832
O00833,886.33,cash,1,2025-01-13,C0833
O00834,494.04,credit,1,2025-02-15,C0834
O00835,803.49,credit,1,2025-02-13,C0835
O00836,137.77,online,1,2024-12-30,C0836
O00837,919.89,CASH,4,2024-12-27,C0837
O00838,548.55,CASH,3,2025-02-19,C0838
O00839,224,Online,4,2025-02-02,C0839
O00840,105.93,cash,5,2025-01-24,C0840
O00841,339.41,cash,3,2025-02-22,C0841
O00842,320.91,credit,2,2025-04-06,C0842
O00843,485.94,credit,5,2024-12-16,C0843
O00844,425.6,online,1,2025-01-03,C0844
O00845,565.61,CASH,3,2025-03-16,C0845
O00846,795.14,CASH,1,2025-01-23,C0846
O00847,677.32,Online,5,2025-03-09,C0847
O00848,477.37,cash,3,2025-03-12,C0848
O00849,382.33,cash,0,2025-01-12,C0849
O00850,575.01,credit,4,2025-03-06,C0850
O00851,898.82,credit,4,2024-12-13,C0851
O00852,898.91,online,2,2025-01-07,C0852
O00853,175.85,CASH,2,2025-03-23,C0853
O00854,586.71,CASH,5,2025-04-02,C0854
O00855,406.64,Online,1,2025-02-27,C0855
O00856,585.94,cash,3,2025-02-19,C0856
O00857,988.26,cash,3,2025-02-25,C0857
O00858,556.75,credit,1,2024-12-08,C0858
O00859,615.19,credit,2,2025-02-12,C0859
O00860,990.1,online,5,2025-01-25,C0860
O00861,310.45,CASH,5,2025-02-03,C0861
O00862,742.92,CASH,1,2025-01-11,C0862
O00863,624.13,Online,2,2025-03-19,C0863
O00864,845.59,cash,4,2024-12-23,C0864
O00865,528.63,cash,5,2025-02-19,C0865
O00866,603.07,credit,5,2025-01-26,C0866
O00867,481.08,credit,4,2025-01-26,C0867
O00868,475.23,online,2,2024-12-21,C0868
O00869,511.94,CASH,5,2025-02-26,C0869
O00870,291.38,CASH,2,2024-12-22,C0870
O00871,432.4,Online,4,2024-12-14,C0871
O00872,432.63,cash,2,2024-12-28,C0872
O00873,374.43,cash,4,2025-03-07,C0873
O00874,,credit,5,2025-02-08,C0874
O00875,943.14,credit,2,2025-01-16,C0875
O00876,765.69,online,3,2025-02-11,C0876
O00877,140.21,CASH,5,2025-03-21,C0877
O00878,404.04,CASH,5,2025-02-04,C0878
O00879,224.67,Online,4,2025-02-25,C0879
O00880,234.08,cash,5,2025-01-28,C0880
O00881,468.67,cash,3,2024-12-16,C0881
O00882,962.27,credit,1,2025-02-18,C0882
O00883,736.49,credit,3,2025-01-01,C0883
O00884,211.4,online,5,2024-12-15,C0884
O00885,781.85,CASH,4,2025-01-13,C0885
O00886,116.8,CASH,2,2025-03-26,C0886
O00887,347.47,Online,5,2025-03-24,C0887
O00888,826.23,cash,5,2024-12-08,C0888
O00889,,cash,2,2025-01-03,C0889
O00890,873.68,credit,1,2025-03-13,C0890
O00891,189.4,credit,2,2025-01-18,C0891
O00892,180.67,online,2,2024-12-09,C0892
O00893,965.01,CASH,1,2025-01-28,C0893
O00894,188.87,CASH,3,2025-01-04,C0894
O00895,947.42,Online,2,2025-03-12,C0895
O00896,627.43,cash,5,2025-02-27,C0896
O00897,203.57,cash,5,2025-01-17,C0897
O00898,535.75,credit,1,2025-02-27,C0898
O00899,967.13,credit,5,2025-01-03,C0899
O00900,213.01,online,1,2025-03-16,C0900
O00901,550.39,CASH,2,2024-12-27,C0901
O00902,583.78,CASH,5,2025-01-28,C0902
O00903,100.9,Online,5,2025-01-27,C0903
O00904,974.87,cash,4,2025-01-29,C0904
O00905,325.8,cash,3,2025-03-06,C0905
O00906,291.48,credit,2,2024-12-30,C0906
O00907,606.77,credit,1,2025-03-20,C0907
O00908,752.57,online,2,2025-03-30,C0908
O00909,961.68,CASH,3,2025-01-21,C0909
O00910,981.68,CASH,2,2025-04-01,C0910
O00911,389.47,Online,5,2025-02-07,C0911
O00912,922.62,cash,1,2025-01-18,C0912
O00913,103.85,cash,4,2024-12-12,C0913
O00914,726.84,credit,5,2025-03-29,C0914
O00915,889.05,credit,1,2025-02-25,C0915
O00916,834.45,online,3,2025-03-29,C0916
O00917,438.74,CASH,2,2024-12-16,C0917
O00918,830.68,CASH,3,2025-02-27,C0918
O00919,500.12,Online,3,2025-03-14,C0919
O00920,738.28,cash,5,2025-02-24,C0920
O00921,827.57,cash,4,2025-01-27,C0921
O00922,133.12,credit,5,2025-04-04,C0922
O00923,276.48,credit,3,2024-12-08,C0923
O00924,544.61,online,5,2025-03-28,C0924
O00925,642.68,CASH,2,2025-01-10,C0925
O00926,214.69,CASH,5,2025-01-10,C0926
O00927,346.9,Online,5,2025-03-16,C0927
O00928,712.61,cash,0,2025-03-22,C0928
O00929,705.79,cash,3,2025-01-31,C0929
O00930,995.6,credit,5,2025-04-06,C0930
O00931,425.32,credit,2,2025-03-16,C0931
O00932,,online,3,2025-03-06,C0932
O00933,,CASH,5,2025-01-29,C0933
O00934,991.24,CASH,4,2025-02-08,C0934
O00935,925.3,Online,3,2025-02-14,C0935
O00936,662.77,cash,1,2024-12-29,C0936
O00937,663.67,cash,2,2025-01-23,C0937
O00938,314.52,credit,3,2025-02-09,C0938
O00939,313.07,credit,5,2025-03-22,C0939
O00940,186.1,online,1,2025-03-06,C0940
O00941,925.04,CASH,1,2025-01-03,C0941
O00942,155.8,CASH,5,2025-03-13,C0942
O00943,159.21,Online,1,2024-12-31,C0943
O00944,443.31,cash,4,2025-03-06,C0944
O00945,639.62,cash,4,2025-01-28,C0945
O00946,815.65,credit,3,2025-01-15,C0946
O00947,708.2,credit,3,2024-12-12,C0947
O00948,197.21,online,1,2025-02-28,C0948
O00949,856.7,CASH,5,2025-03-25,C0949
O00950,478.91,CASH,2,2025-03-26,C0950
O00951,817.32,Online,5,2024-12-31,C0951
O00952,963.77,cash,5,2024-12-28,C0952
O00953,232.67,cash,3,2025-02-20,C0953
O00954,107.27,credit,2,2025-01-29,C0954
O00955,556.4,credit,4,2024-12-14,C0955
O00956,978.86,online,1,2025-01-16,C0956
O00957,701.07,CASH,4,2025-02-05,C0957
O00958,398.03,CASH,3,2025-01-17,C0958
O00959,476.83,Online,1,2025-04-01,C0959
O00960,927.96,cash,2,2025-03-15,C0960
O00961,291.82,cash,3,2025-03-19,C0961
O00962,438.32,credit,1,2024-12-20,C0962
O00963,166.36,credit,2,2025-03-16,C0963
O00964,274.96,online,3,2025-03-13,C0964
O00965,,CASH,3,2025-01-16,C0965
O00966,896.84,CASH,5,2025-03-24,C0966
O00967,276.39,Online,1,2025-03-09,C0967
O00968,,cash,1,2025-03-04,C0968
O00969,289.21,cash,3,2025-02-15,C0969
O00970,947.05,credit,1,2025-03-17,C0970
O00971,894.45,credit,2,2025-01-20,C0971
O00972,724.92,online,2,2025-01-22,C0972
O00973,786.77,CASH,5,2025-01-18,C0973
O00974,233.71,CASH,3,2025-02-24,C0974
O00975,866.35,Online,2,2025-02-01,C0975
O00976,806.2,cash,2,2025-03-10,C0976
O00977,776.18,cash,3,2025-03-05,C0977
O00978,517.84,credit,5,2024-12-10,C0978
O00979,744.08,credit,5,2025-01-25,C0979
O00980,929.07,online,2,2024-12-26,C0980
O00981,282.7,CASH,3,2025-01-22,C0981
O00982,439.37,CASH,3,2024-12-09,C0982
O00983,176.28,Online,5,2025-04-04,C0983
O00984,625.57,cash,3,2024-12-10,C0984
O00985,520.8,cash,4,2024-12-29,C0985
O00986,444.13,credit,3,2025-02-13,C0986
O00987,423.18,credit,5,2025-01-14,C0987
O00988,679.29,online,1,2025-03-17,C0988
O00989,424.21,CASH,2,2025-02-27,C0989
O00990,325.02,CASH,3,2024-12-12,C0990
O00991,643.63,Online,5,2025-01-13,C0991
O00992,107.68,cash,3,2025-03-23,C0992
O00993,463.43,cash,1,2025-01-01,C0993
O00994,561.38,credit,2,2025-02-22,C0994
O00995,774.22,credit,5,2025-01-02,C0995
O00996,781.86,online,3,2025-02-13,C0996
O00997,381.77,CASH,4,2025-01-28,C0997
O00998,504.97,CASH,2,2025-01-09,C0998
O00999,215.51,Online,0,2024-12-15,C0999
O01000,850.87,cash,4,2025-01-27,C1000
